snp	chrom	pos.h19	nearest.gene	major	minor	maf	or.1	meta.pval.1	or.2	meta.pval.2	or.overall	meta.pval.overall	i2	pval.overall
rs6656401	chr1	207692049	CR1	G	A	0.197	1.17	7.7e-15	1.21	7.9e-11	1.18	5.7e-24	0	7.8e-1
rs6733839	chr2	127892810	BIN1	C	T	0.409	1.21	1.7e-26	1.24	3.4e-19	1.22	6.9e-44	28	6.1e-2
rs10948363	chr6	47487762	CD2AP	A	G	0.266	1.1	3.1e-8	1.09	4.1e-4	1.1	5.2e-11	0	9e-1
rs11771145	chr7	143110762	EPHA1	G	A	0.338	0.9	8.8e-10	0.9	2.8e-5	0.9	1.1e-13	14	2.4e-1
rs9331896	chr8	27467686	CLU	T	C	0.379	0.86	9.6e-17	0.86	4.5e-10	0.86	2.8e-25	0	4.9e-1
rs983392	chr11	59923508	MS4A6A	A	G	0.403	0.9	2.8e-11	0.9	4.5e-6	0.9	6.1e-16	1	4.5e-1
rs10792832	chr11	85867875	PICALM	G	A	0.358	0.88	6.5e-16	0.85	1.1e-11	0.87	9.3e-26	0	9.8e-1
rs4147929	chr19	1063443	ABCA7	G	A	0.19	1.14	1.7e-9	1.17	9.9e-8	1.15	1.1e-15	0	9.4e-1
rs3865444	chr19	51727962	CD33	C	A	0.307	0.91	5.1e-18	0.99	6.9e−1	0.94	3.0e-6	0	6.9e-1
rs9271192	chr6	32578530	HLA-DRB5–HLA-DRB1	A	C	0.276	1.11	1.6e-8−8	1.12	4.2e-5	1.11	2.9e-12	0	5.4e-1
rs28834970	chr8	27195121	PTK2B	T	C	0.366	1.1	3.3e-9	1.11	4.3e-6	1.1	7.4e-14	10	3.0e-1
rs11218343	chr11	121435587	SORL1	T	C	0.039	0.76	5.0e-11	0.78	4.0e-5	0.77	9.7e-15	0	8.3e-1
rs10498633	chr14	92926952	SLC24A4,RIN3	G	T	0.217	0.9	1.5e-7	0.93	7.8e-3	0.91	5.5e-9	0	6.3e-1
rs8093731	chr18	29088958	DSG2	C	T	0.017	0.54	4.6e-8	1.01	9.0e-1	0.73	1.0e-4	38	3.9e-2
rs35349669	chr2	234068476	INPP5D	C	T	0.488	1.07	9.6e-5	1.1	5.7e-5	1.08	3.2e-8	0	8.0e-1
rs190982	chr5	88223420	MEF2C	A	G	0.408	0.92	2.5e-6	0.93	3.4e-3	0.93	3.2e-8	0	6.4e-1
rs2718058	chr7	37841534	NME8	A	G	0.373	0.93	1.3e-5	0.91	6.3e-5	0.93	4.8e-9	0	9.2e-1
rs1476679	chr7	100004446	ZCWPW1	T	C	0.287	0.92	7.4e-6	0.89	9.7e-6	0.91	5.6e-10	0	7.0e-1
rs10838725	chr11	47557871	CELF1	T	C	0.316	1.08	6.7e-6	1.09	4.1e-4	1.08	1.1e-8	0	7.6e-1
rs17125944	chr14	53400629	FERMT2	T	C	0.092	1.13	1.0e-5	1.17	1.6e-4	1.14	7.9e-9	10	3.0e-1
rs7274581	chr20	55018260	CASS4	T	C	0.083	0.87	1.6e-6	0.89	4.1e-3	0.88	2.5e-8	0	9.9e-1
